id,location,username,name
1041202867594358785,chanbaek â€(âœ¿Ë˜Ë˜âœ¿),byunfuse06,ë°°í¥ D-438
21118184,London & Liverpool,soapachu,badly-drawn bee ğŸ
104075684,"Minnesota, USA",ThisIsNotTea,Thisisnottea
1197757502307360768,"Soweto, South Africa",Mmathuto_,MaMthethwağŸ¦‹
226098607,Thailand,baifern17589,â™£ï¸ï½‚ï½ï½‰ï½†ï½…ï½’ï½Â° feat. ê³µê°ğŸŒ¹
1183157737376534528,nan,PicardSa,"S. Picard, Deplorable, Let's Go Brandon!!"
300601959,nan,Mike_Glendaran,El Caballero Errante
1307738190552457217,nan,hemsire_bahar,Bahar HemÅŸire
822578384685461506,"California, USA",rdunc17,Officious Intermeddler
1162666071318507520,Oman,arabiandailys,Arabian Daily
724532231394463744,"New Delhi, India",MinesMinIndia,Ministry Of Mines
2250661290,nan,qw150qw,13214
2950729953,"Lima, PerÃº",LimaAlDia,Lima Al DÃ­a
12341182,"Long Beach, CA",razamakesart,raza âŸ 
1423660637855502338,nan,WrennHill,Wren Hill ğŸŒ¸
21664279,FL,VetsOnTheWatch,BigWill
593565083,she/her,Nekusagichan,BiBiğŸ§›â€â™€ï¸ğŸŒ¹
15427690,Mitchell SD,dailyrepublic,Mitchell Republic
1345772295567134720,nan,AkimBouguerra,Bouguerra Akim
2765707316,"Kuala Lumpur, Wilayah Persekut",_rezarazali_,ğŸ‡²ğŸ‡¾ Reza Razali ğŸ‡µğŸ‡¸
1266776870336544769,nan,Accablanteh,Accablante ğŸŒ™
1169500537013833730,Trivandrum & kanyakumari,DefuIrin,Irin
1384674729366376448,nan,AconBiotech,ACON Biotech
4917469641,"Florida, USA",slevinusatarius,Slevinus Artarius ğŸ”œ Who Knows! Cheese!
1266931379792576512,nan,BIDEN46MVP,BidenIsMyPresident!
1409235015213400080,nan,josh25300787,josh
1328978233249902594,nan,VSovranista,Vergilius (Italirico-sovranista)
2179182532,Oron,eminent_james,Eyoukim Eteobong
297904272,Vtuber Hell,stump_bear,Tika
1061482798110797824,Australia,suss_mark,Dr Mark Suss
1248268321251876866,"Scotland, United Kingdom",SteveG06322664,Steve #NoMasks - Refusenik
136907894,nan,stn_in,#INDIAhatesCAA_NRC/NPR
938447786684633093,Villabona,PedroMiguel1965,Pedro M.
1398818630159065089,nan,sto_denebkaitos,ë¶ìª½ì™•ê´€ìë¦¬ / Corona Borealis
1421875768800387076,nan,kazuhiroand,-
1062278949693243393,"Languedoc-Roussillon, France",Ventre_bleu30,Ventre bleu
49250418,"New York, NY",PaulaRo25,Paula Caruso
48704881,"Utrecht, the Netherlands",JasperKlewer,Jasper Klewer
1119313725784150017,"Marina, CA",ccwriter9,CeliaSueHecht
1101610159439261699,"Centurion, South Africa",Tshepo_Baloyi_,Â®ï¸Gaguâ„¢ï¸
608271932,nan,ethan_boyce,Ethh
21533462,"Brisbane, Australia",GreeGreece,Tony Thomas
119449012,Cannes,JEEPIE57,Jean-Paul ğŸŒğŸŒ´ğŸ˜
1255120440659529728,nan,Mike95320097,Mike
4700419050,nan,5fec93919a544d3,NSV
756823283769769984,nan,Fourgoodreasons,Amanda Shelley
571107562,nan,fron_,FÃ©ron Louisette
4258125075,nan,neoksleen,Koen Sleen
1415025084331331586,nan,ElianeHaim,ELIANE HAIM
1017851670,Roma e Napoli,DiVicio,Matteo DV
223896376,"Stamford, Rutland",g15elb,Giselle Brannan
806190132,+6221 ,renseoneday,kÃ¦ren
905078563870736385,Togo,LomeAirport,AIGE
1086221350086369280,nan,aymarre_jean,Jean Aymarre ğŸ‡²ğŸ‡«
383006915,The Emerald City,MicheleDTweets,Michele Dotson | Let the People Vote!
110462806,nan,kakudaikyoo,æ‹¡å¤§é¡ ğŸ‘€
262083399,"Sandton, South Africa",jetmoses21,Jared
66968296,Turkey,bianet_org,bianet
1299318885821419522,"Islas Canarias, EspaÃ±a",Dlanochealdia,De la Noche al DÃ­a
1022279918,"Ø§Ù„Ø±ÙŠØ§Ø¶, Ø§Ù„Ù…Ù…Ù„ÙƒØ© Ø§Ù„Ø¹Ø±Ø¨ÙŠØ© Ø§Ù„Ø³Ø¹ÙˆØ¯",naif54243700,naif khazim
1432452931002019849,nan,L_uomoqualcuno,epikhairekakia
2745248363,nan,jcksngn,Gene
993736432526221312,nan,Lupita96304901,Lupita #MovilizacionReformaElectrica
3598470976,Deutschland,Chondraki,ğŸ–¤ğŸ’‰ğŸ’‰Silke Silke ğŸ™#NoCovid ğŸ™ ğŸ‡®ğŸ‡±
95651804,Brasil,brasigois,BrasigÃ³is FelÃ­cio
264195664,"Pretoria, RSA",SwissDarkness,Kenjutsu Master Blaq
1118933623,"Scotland, United Kingdom",ArtChaz,Charlie
37950212,"Bangkok, Thailand",ThaiPBS,Thai PBS
1244227827723046915,nan,Ligeis0591,Ligeis0591
18386309,Scarif ,MannuMellow,Bumbling Paladin
612385936,"Vienna, Austria",ruslandzhebr,Ruslan
1157326977994334208,nan,tothemoonlogic,Moon Money
1100733802735960064,Ziemia,SebastianMajer3,Sebastian Majer ğŸ‡®ğŸ‡©
42175659,nan,chrisallen236,Bum Ba Clart
197192557,QUITO,GabiOchoadeRoba,Gabriela Ochoa
1370240402444324869,"Perth, Western Australia",ausjbird446,ausjbird446ğŸ’‰ğŸ’‰ AZ Vax x 2ğŸ‘
2149709558,nan,lac4justice,Luis Carrillo
25077472,"Lancaster, UK",GuardianDigital,Lancaster Guardian
1316956757617356800,"Katoomba, Australia",KatoombaReview,Warren Ross
1055098174464053249,nan,harshdash1,harshdash
1485324258,Roma,ciculatin,Aldo Tim
1228998719242166273,Manchester/London,blue_denton,Blue Dave London (formerly Denton)
134112073,"Berlin, Germany",arletted94,Arlette Danielle
707400138,61 Ursae Majoris,TFR_BIGMOSA,TFR_BIGMOSAï¼ˆå¯æ„›ã„ã‚¯ã‚¸ãƒ³äººã€åœ°çƒæš®ã‚‰ã—ã‚’æ¥½ã—ã‚€é•·æœŸæ»åœ¨è€…ï¼‰
758124958610444288,Southern California,Tecgale,Galebee
14268323,WV US,sandy4409,SLACK-JAWED YOKEL
216413749,nan,TheOmegaGeek,Dr. Omega ğŸ¦
1686122564,"Perth, Western Australia",AussiePunter32,Andrew Carter
1425508764489289734,nan,Ryan_Radd,Ryan
900714383642431488,nan,BVellisco1,Bettybop
443931038,"Couture-sur-Loir, France",leclercemmanuel,Emmanuel LECLERC
4704367111,nan,Dagny_R_Taggert,Dagny-Reagan-Taggert
883984732735782912,Not Getting Cheated On,GichingiriEric,Afrocentric
157383853,DC metropolitan area,LindaLarsonKemp,"Linda Kemp, MCIS DSc(abd) #BlackLivesMatter"
1259461748,nan,PhilNews247,PhilNews
22022381,Pacific Northwest ,DoraMariaCosta,Dora Maria Costa
2232213336,nan,Stone1_0,Newton Stone
55344307,MÃ©xico,puntoporpunto,PUNTOporPUNTO
1463010317730938881,nan,TarendraBru,sorajit
2352977233,3mile od granic Warszawy,duda45tlen,DUDA
1335408357889486849,SevillÎµ,VOZ00669868,M.......7
1306280120722829315,"Waukesha, WI",wiz_political,Wisconsin Neanderthal ğŸ‡ºğŸ‡¸ğŸ§€
754312765569851392,"Tiny, Ontario",bewitched49,Catherine
70662916,"Jakarta, Indonesia",AndreasMarbun_,Andreas Marbun
84286851,wivenhoe,tristandawson,Tristan Dawson
845670770747453440,"Portland, OR",Jeffsix11,JAB
3263253388,"London, England",meNabster,theNabster #Doom #Gloom ğŸ”¥â˜ ï¸
1445896096178323461,nan,_tyler_durdn_,Tyler durden
929707165128056832,North Wales,MiftyJackson,ğŸ’™#NHSblueheartğŸ’™Mifty JğŸ’™ remembering Katie
376130777,nan,iIazkano,IÃ±igo Lazkano
366659942,Europe,scott_mac_rae,F**KBoris-vote Tory get Corruption & Dementia Tax
1303458640360243207,nan,GLORI34437209,GloriaMoneo
930093566,Quito,fernandobgt,Fernando Buendia
1425888438574792706,nan,Anggie_Angus,Ä¦arold Angus
910042105611014144,nan,ShuaibAlitah,shuaib alitah
307278565,Bergamo,Dome689,Dome Buratti
3033589653,"Perpignan, France",aranaudaniel,Daniel Charbonniere ğŸŒº
1445589009690882053,nan,Bill13887141,Bill
298000830,Cape Town,Brandon_degee,BranDolly Parton ğŸ‡µğŸ‡¸ğŸ³ï¸â€ğŸŒˆ
832032916523859968,"Florida, USA",EdJarring,Ed Jarrin
557413440,Uruguay,AliciaAlgar,Alicia
16420692,nan,Catman_Rilea,Donald Rilea
218999041,Minneapolis,d_feldman,Daniel Feldman
3834057442,nan,AWelzandt,Alicja Narodowa
771643144727240708,Metaverse,StelliesMafia,JSÎâ‚¿OSS
966933772733173760,Switzerland,Ominsey,Ominsey v2021.36.5.8
430326858,"Georgia, USA",Progress99vs1,IngridProgess99vs1
3329873547,England,GailStubbins,Gail Stubbins
1099314585813827584,Islington North,gard_trudi,Ms Robot (Governed by idiots)
1025872008414937089,nan,whydidfIy,Steve
1691429238,nan,N0GENDER,X-X
1216583057185988608,Way down South,mont71982611,Jim Montgomery
127510675,Cheshire,boddingtonboy,Peter Lees
1728438414,"MiÄ™dzyrzec Podlaski, Polska",HubertZaniewicz,Hubert Zaniewicz
2970792395,"Eden, NC",RorrerBW,William Rorrer
1304283178669146112,nan,satanysbabys,satany_baby
1389624180807806977,nan,miiiilhooouse,MIIIILHOOOUSE
195502956,villahermosa,quimograndepv,Arquimedes Jesus Perez Perez
1441650070273724416,nan,Viny612,Viny61
1378403106657079311,"Maracaibo, Venezuela",RebecaG37518019,Rebeca Gonzalez
1069225948959174658,nan,sapphireali_,SapphyğŸ¾
22920024,"ontario, canada",dezsmom,Lee
716311899428753408,nan,RGB3012,RGB
326673287,Newcastle upon Tyne ,kenw6005,ken W
844015567,"Johannesburg, South Africa",Kandi_Krush,Kitty
138109139,"Warsaw, Poland",Mariospin,Mario
503794853,Short Grass Prairie of WY,CarolMaeWY,Carol
1427371108148420610,nan,FlawlessinUSA,FlawlessinUSA
1364090679576551424,nan,ajtgjm111,ã‚¤ã‚¯ã‚¾ã‚¦
732608906153730050,United States,jennyjupite,Jenny J.
1170493661928402944,nan,Ariadna91788573,Ariadna
307159790,nan,Julygil1,JGil
21238575,Metro NY,ethomas3915,ET
2734937419,"New York, NY",RyanHealthNYC,Ryan Health
16041882,"Central Fla, North Pole, AK",kd4wov,Tom KD4WOV
946391209454587904,"London, England",ShaderSupreme,TheShaderSupreme
486899400,"Hamburg, Germany",Krautmaster90,KampfKeks
740813521,"Los Angeles, CA",Gvuntenshire,bret
711831610,nan,dlegge59,Deric Legge
1340036322,nan,LaArrebato,Una tal Amparo
268064436,nan,zaidaorue,Zaida Zulema
1348720537053392902,nan,arto_mentiras,Arto De mentiras
861310518,Sonnenseite der Kieler FÃ¶rde,Alwin_Werner,Alwin Werner
1103694806319054851,nan,dYu7vug97v2Qcqh,Ø§Ù„Ù‚Ø¯ÙŠÙ… Ø§Ù„Ø¬Ø¯ÙŠØ¯
58128710,"Rio de Janeiro, Brazil",quelmoreth,Hilary Banks from Rio
1370107094225932288,United States,modeIstark,É´á´€á´›á´œÊ€á´€ÊŸ á´„á´É´á´›á´‡É´á´›
1881202848,London,TomJ8899,Thomas J
1104110001713496071,nan,PLovestheTruth,âš¡ï¸ğŸ’ğŸ•Šâœï¸Love the Truthâœï¸ğŸ•ŠğŸ’âš¡ï¸
24681478,"Philadelphia, PA",RadioRobyn,Robyn M
847165598064934912,Accra - Ghana,LastHour_GH,PORN DADDYğŸ˜Š
1072932763823734784,nan,pequenacoronela,PequeÃ±aCoronela
122589350,"Machesney Park, IL",EdgeOfReason42,LakiDaziKal
1000786635083145216,L2 psychoğŸ—’,lucybln1,ğ“ğ“Šğ’¸ğ“
1423361633536126985,"Manchester, England",moonyaradz,Munyaradzi
992465245879742464,nan,adventure145,adventure145
257748676,"Wendell, NC",T_Drummo,"Mattie Goodson, MLS(ASCP) ğŸ‘«ğŸ»ğŸ‘¶ğŸ¼ğŸ…¾ï¸"
974001532168474624,nan,EdnaJ86394207,EdnaJ
1092376374487207936,nan,GuyenotS,RacinesğŸ‡¨ğŸ‡µğŸ‡¨ğŸ‡µğŸ‡¨ğŸ‡µ
18938376,"Rochester, NY",RBJdaily,RBJ
1429405417302540294,nan,AL3XX3LA,_Alex_Alex_
2891197923,Napoli,davidelgaudio,Davide
1386005042780647428,nan,MichelleMukasa,Michelle Mukasa
1219772107124547584,"Paty do Alferes, Brasil",MariaCl26328392,@Maria Clara
3345786513,Fuerte Tiuna- El Valle.,sedefanb,SEDEFANB
1417880449691574275,nan,GrosPlc,PLC Gros
1332140730190622720,"Zulia, Venezuela",davidjose_1998,åˆ€ä¸¹Vå·¥åˆ€ ï¼ªå£ã¡ãƒ¢
151982087,Venezuela (tachira),josemarxlenin,#Josemarxlenin
2907740134,"South Elgin, IL",slinkers5,Slinky5-Gokuâ€™s Mom
219520718,"St Louis, MO",AuntGaby,Gabe Thacker
833398495738478592,France rÃ©gÃ©nÃ©ration,RLFranceJohnZ,Lavertisseur franÃ§ais
1023510915826823168,azul y amarillo la neni ğŸ’™ğŸ’›,luimeliaaa,aviv ğŸƒ
4780238270,nan,SalvadorOlguin4,Salvador Olguin
1402714602434084873,nan,be_folks,BeKindFolks
133354942,UK,Ramblingproses,Rosemary ğŸ’™
1455931411857297416,nan,BaroniFlavio,Flavio Baroni
1450179230600515585,Great Free State of Texas,GreatMer1ca,Merica!!
1445331983333199873,nan,HJCKMFU,MğŸŒ±ğŸ´ó §ó ¢ó ³ó £ó ´ó ¿
1465259891623448580,nan,JuanMa05922317,Por la AndalucÃ­a del Cambio ğŸ’±
1370665169186078722,"Collingham, England",CoganSheamus,Shea Cogan ğŸ´ó §ó ¢ó ¥ó ®ó §ó ¿ğŸ‡®ğŸ‡ªâ›³ğŸ¥Š
301077211,nan,phil_saillard,Philippe Saillard
853640815025033220,"Polska, Mazowsze",beatax088,Beata Kowalczyk #SilniRazem
184853651,Toronto gyal,JenniferLiaXi,Jennifer Wu
1119310786969702400,nan,hmrhema,Captain M
832413526857625600,"Rocklin, CA",sam_marieee,Samantha Guerin
824677546377826305,nan,JamesKAArcher,James Archer #Scrap The NHS Bill
1244877794,nan,AstraLaMMB1,Simeon AstraLa
2926136996,"Toronto, ON",GasPriceWizard,Dan McTeague
1186217999201636352,nan,aztencr,Azat
965450311300239365,"Racine, WI",Coolranch4lyfe,Lee carvelloâ€™s putting challenge
812736694512472065,nan,DeniseHutton7,Denise Hutton
1463494484117753856,"Indi, India",REAL_BLEW625,ğŸ’RealğŸ’Blew ğŸ’Cosmetics ğŸ’
385113402,nan,LeonLSutton,Leon L. Sutton
373039958,"Harrisonburg, VA",Sighdell,Jennifer Conrad Seidel
1372978479365505027,"Ile-de-France, France",DominiqueElisa5,Dominique Elisabeth ğŸ´â€â˜ ï¸ğŸ˜‹ğŸ§ ğŸ¥•ğŸ¥•ğŸ¥•
26333180,Slovenia,TomKoncan,Tomaz Koncan
2392247028,nan,ItsBeez419,Beez
73941760,Canada,farhanarawji,Farhana Rawji
1440716129563934722,"Georgia, USA",gagardener2021,G M
4867689869,buffalo. ,isha_symone,ğŸŒ™âœ¨
243013005,"Melbourne, Victoria",sanilrege,Sanil Rege
4784516659,PoznaÅ„,szymis97,Szymon MiÅ›
1245757386020831232,nan,Loozinmyrelijun,Wynne (not Wayne)
829104120657223681,Location,SillyGist,Silly Gistâ„¢Â®ï¸
2517960438,New Jersey,iamlamarcarter,Lamar Carter
1950071990,nan,renalexchange,Renal Exchange
720236086195171328,nan,CappyMorhoun,Patrick Clancy
1319594374003646471,nan,AlessandroVi69,AlessandroVi69
322138978,"New Haven, CT",j_kalla,Josh Kalla
1195430957635047424,nan,Gemini29Twin,GeminiTwin
59549134,google es selbst,sonjariedemann,Sonja Name hier auch egal
1188441860894855168,nan,denis_mongin,Denis Mongin
2195774339,Dominican Republic,RugeLeonel,#ForoGlobalCasaCampo
564865163,Boadilla del Monte,Mariaperezpere,Maria Rodriguez Pereâ™¥ï¸ğŸ’›ğŸ’œ
1406809750445039616,"Beverly Hills, CA",ShivaDiva45,Shiva Bagheri
1376553464365379596,UK,ChrisMasonView2,Chris Mason
1325472345004400645,nan,JeffBro47421173,Jeff
1365413294413131780,"Brighton, England",Paul_aquablue,Paul e #KBF #bbcnews #DeleteTheApp
425702545,nan,Dermside,Dermside
999195768752889857,@GlobalGov_IHEID  @IHEID,CarolynDeere,Carolyn Deere Birkbeck
109903866,nan,Batsul_New,Batsul New
900611094460465153,FarFarAway,GBates76034889,UnicornsAreReal
1325863991630032900,nan,allen_norris,ALLEN NORRIS
431494947,nan,LynOReilly,Lyn O'Reilly
1458850548715864064,nan,DunstanShields,Dunstan-Shields
28037218,nan,Vincent_5,Vincent
3246100612,"Warszawa, Polska",the_pogarda,Pogarda #Orwell2021
770400719404924928,nan,speculari78,Walter Wilson
48014371,nan,MoonGin2100,Moon Gin Still Zen
1210568521375191041,nan,mother450618336,mother4@
962663499129409540,Lee aquÃ­ el Ãºltimo #TEVDA ğŸ‘‡,TrasElValle_OBC,Tras el valle de Aranaz
2832583525,USA,VinnMo,Vinnie Moran
2782125268,"New Jersey, USA",RLSeikel,Beck Seikel
711499559,"Lymington, England",FigginsM,mark figgins
850397032514805760,nan,angrytwinsmom,Angrytwinsmom
1092842489676001280,nan,ReneRook1,Rene Rook
1386264177145262080,"England, United Kingdom",CalebMiles20,Caleb Miles
39060041,"Durban, South Africa",GooiMielies,Hantie Kruger
254565033,nan,feelsyoung,Carol A
1274746248977924096, England,Geek04405120,Geek #ImDone#Enough Is Enough
955915544250613760,nan,JorgeAbelRosal1,Jorge Abel Rosales SaldaÃ±a
705316073894244353,United States,larman1s,Susana
323494888,nan,calebno1,Deborah S Oliver
2846330456,nan,jasonstl,Earths President Elect - ALWAYS use my TITLE!
22226671,"East Lansing, MI",ACMESalesRep,ACME Sales Rep.
1276702718464327681,nan,AngryRN74,(Not As) Angry RN
2319617520,Oklahoma,fr8ctur3,Media's Cynical Skeptic
380993344,"ĞœĞ¾ÑĞºĞ²Ğ°, Ğ Ğ¾ÑÑĞ¸Ñ",AllMarkets,ĞšĞ¾Ğ½ÑÑ‚Ğ°Ğ½Ñ‚Ğ¸Ğ½ Ğ‘Ğ¾Ñ‡ĞºĞ°Ñ€ĞµĞ²
101878323,nan,Milologist,Emilio
3502038675,United States,BigBluHeart67,shirley lane
761639274747924481,nan,Liruliru_twt,Liruliru ğŸ€â™€ï¸
2422094835,nan,proofsofconcept,nasti ğŸ’ƒğŸ‰
634127491,nan,LyndaE222,Lyndia Edwards
1274999412121645057,"Durban, South Africa",Nkulule14955039,power
757358036998582276,"Nashville, TN",CorkySwift2,Corky Swift
22788514,"Hilo, HI",Foxfieldguy,Robert M.
1224758690244374530,nan,HandshakeMuso,JustaMuso ğŸ’™
381123974,"Penela, Portugal",pugwashpz,Nick_DestinoPortugal_Collins
740978373770498048,nan,Enedina37049621,Enedina/â¤ğŸŒ¹
135251333,"Putnam, CT",WINYRadio,WINY Radio
2166293276,Kingston ON CANADA,ktownnow,Kingston Now ğŸ¯ğŸ‡¨ğŸ‡¦
3057445744,nan,luzamparotama11,luz amparo tamayo
1237840644103475200,nan,RSWANG6,RSWANG
18906389,Seattle,anniesearle,The Risk Detective
1169453244919287809,"Rio de Janeiro, Brazil",LopesCardoso281,Fernando Henrique Lopes Cardoso
1176068251434070016,"Ripollet, EspaÃ±a",Hermini75494223,herminioğŸ’šğŸ‡ªğŸ‡¸ğŸ‡»ğŸ‡ªğŸ’š
1201279382263873537,nan,Druidston,Druidston
62011336,nan,kaiol0gy,Midnight cocoa bean.
1308348141507407879,nan,corona19_stats,Covid Stats
1432687278980280325,Zimbabwe,Gonzomuduri,Gonzo Muduri
896117540,United Kingdom,ShockOfObvious,Karim Malik
1389270707968880641,nan,zentuintje,Renate
2975225778,Scotland,AwTroon,Porridge Drawers ğŸ´ó §ó ¢ó ³ó £ó ´ó ¿
931934334491201536,in my office,SPEEDofSOUND321,ğŸ…±ï¸
1387326927556464640,nan,Lopmar13,Lopmar
17400044,I sÃ¢y,teppdude,Ze tÃªppdÙ†de ğŸŒ¶ğŸŒ¶
109955923,nan,jimineuropa,Pangur BÃ¡n
230495406,"Boston, MA",benbrownsteiner,Benjamin Brown-Steiner
978828212649283585,Ontario,HomeWorldof,worldof_home ğŸŒ¸
228008865,Cambridge,MHartleyJones,Martin Jones
1247001940799770627,nan,blusavinho,MariağŸ¦©
908610900264980480,nan,Celine_at_Paris,CÃ©line
2283777522,nan,17Sparky,Sparkles
1371433263013711876,nan,Dax87645272,Dax
18987924,"London, England",simonjward,Simon Ward
870693087227461635,"LeÃ³n, Guanajuato",clubleonfemenil,Club LeÃ³n Femenil
286348171,California,ajwottrich,AJW2
831800001781186560,"Pays de la Loire, France",corinnecadoret,Purdey ğŸŸ¥ carrÃ© rÃ©galienğŸ“ğŸ“ğŸ–ï¸ğŸ–ï¸ğŸš£â€â™€ï¸ğŸš£â€â™€ï¸ğŸª’ğŸª’
16336618,nan,colin_e,colin_e ğŸ’™
2263370412,nan,wildmarshphoto,Wild Marsh Products
1465025505640525825,nan,Kayaaa58,Samet saka
1273261134410366978,nan,nmtm1970,Havoc - ğŸ“µ
497732221,nan,gogetemboy1969,comfy sofa
1335752966347890688,Southeastern US. ğŸ‡ºğŸ‡¸,2020_wth,Oh snap! Beaglegate ğŸ¾ğŸ¶ğŸ¾
3226565178,United States,OutNow45,Jerry
1148151956,"Huntington, WV",meryn1977,Jeremiah Williamson
19663485,Portugal,Record_Portugal,DiÃ¡rio Record
1655209326,Earth,nik_eni,Dom Maverick ğŸ‡ºğŸ‡²ğŸ‡³ğŸ‡¬
2365966777,philippines,SHAJA27,qu(Y)ESti(N)On
2754433686,"Roma, Lazio",skybash_,Bash
72379126,Cwmbran South Wales,beefyfarmer,Andrew Bevan gab.com/beefyfarmer
1435194152384409606,nan,Fff1175942,Fff
1425115633700720643,nan,bellapup2,bellapup
2975180616,Maralago,impeachedahole,Twice Impeached ğŸ‘ğŸ‘
1236735035383984128,"MÃ¼nchen, Bayern",Stina2312,Stina
1427442063717584901,nan,americanmkultra,iosua
1328100870576365569,Texas,HappyTrumpLost1,HappyTrumpLost
20841895,"Hackney Wick, east London, UK",hackneywick,Hackney Wick
1515157003,United States,22BVTemps,BVTemps
309851126,United States,waltjordan,walt jordan
1462821825042337798,nan,DavidMi35733797,David Michaelâ€™s
1318624754,"Kansas City, MO",CaitlinBuswell,Caitlin Buswell
700290448,"Rio de Janeiro, Brasil",WendelPaschoal,choalpas
114445888,Canada,Lauralee2104,Laura-Lee Rahn
398455202,"Surrey, BC CANADA",anitahuberman,Anita Huberman
2980939147,nan,Berthe_CELIER,Berthe CELIER
3279034309,Los Angeles,DangThatJoe,Mid-Level Hannukah Jew
88387950,Sydney,SimonChapman6,ğŸ’‰Simon Chapman AOğŸ’‰
1325876246648147972,nan,cebelica4,cebelica
226675191,2 CHARENTES 16/17 + LA LUNE,PaflaragePaf,PAFLARAGEğŸ”» ğŸ•Š ğŸ¤ ğŸ€ âœ¨ ğŸ˜On naÃ®t tous Marcel ğŸ˜ âœ¨
205368519,New Westminster BC Canada,ljfawkes,leslie fawkes
1175828911403479042,"TorreÃ³n, Coahuila de Zaragoza",PatrickBraas,Patrick
484908507,nan,SullivanNigel,nigel sullivan
593966072,nan,robreg1,Roberto Reggiani
1461060085208260610,nan,jackhafner33,jack hafner
855399738,Utopia ( Ë˜Ë˜Ì¯) ( Ë˜Ë˜Ì¯),tha_strummer,Chisom' (Ã².Ì¯Ã“)
1352706971368116225,The Netherlands,Investorfredom,ImreNL
3388270265,Uk ,Markyoiler,ğŸ’MarkyğŸ’
1420777559780990980,nan,WieslawS40,Wieslaw S.
1166984651791114240,"North West, England",CaroleC39136307,C Campbell
932003018,"Peterborough, England",editsupp,John Maslen
1309960784785465344,Richmond,AmanSinghNDP,Aman Singh
31595149,318.,DDARERICK,THICC&SMILING
109111001,nan,machadolac,Dr. Luciana Machado
1277231339754778624,BTS ke ğŸ’— mein rehte hainğŸ¥°â€¼ï¸,JE0NCIAGA,Ù‹sÌ¾ujiiâ·ğŸŒ™JIN D-2
1242481949437919233,nan,GibelliniPaolo,Paolo Gibellini
291509269,Argentina,jimenita_rod,DoÃ±aJimena
1408085068455743493,nan,Fred99825248,Fred
2210650662,Bogor; Gunung gede ,dasuki_21257,dasuki
2567000938,From ğŸ‡¹ğŸ‡© to Space,primeKillmonger,Njadaka î¨€
70352754,"Marconi House, Dublin 2",lstwrd,The Last Word
1222379294,Vigo - Paris,Mr_Or2,Camarada Or (×× ×•××œ) ğŸ¦ ğŸ”¨ âš«
493698451,"Olathe, KS",FeliciaIsMyWaif,ğŸ¥© Zentreya's Meat Slab ğŸ¥©
1070756579752972288,Paraguay,m_estado,Menos Estado
393532777,"Johannesburg, South Africa",Dhoodatthang,Zain
1405601270040121344,"Los Angeles, CA",JohnSimon90210,John Simon
110377908,FRANCE,LovephilC,Isa de France
1220465159963054083,Hate the former guy,Desiree_Ahgudo,AwwSayCanUsee
758729592672653312,WV,nancylee2016,America is back!
3224385975,nan,JhdJane,jane h dexter
1353874411523346434,nan,ManuelMLlanos1,Manuel M.Llanos
1015852627685326849,Best Coast,razputinreborn,ğ“£ğ“¸ğ“¶ğ“¶ğ”‚ ğ“¢ğ“ªğ“µğ“ªğ“¶ğ“²â„¢
914951870371827713,Barranco,DIRISLimaSur,Diris Lima Sur
491498955,nan,Benellis55Ben,Ben Ellis
1399602105833472001,nan,GKlaren,GÃ¶ran KlarÃ©n
163584472,"East Windsor, NJ",EWindsorPatch,East Windsor Patch
860173738339389440,Michigan,liz_ostrom,LizzyBJammin ğŸ‡ºğŸ‡¸ ğŸ˜·
1164921369467019270,"Santiago del Estero, Argentina",NicSal97,â—â—â“ƒï¸â’¾ï¸â’¸ï¸â“„ï¸â“ï¸â’¶ï¸â“ˆï¸â—â—
159241984,"Hopatcong and Sparta, NJ",HopatcongPatch,Hopatcong Patch
1348904144212533248,nan,fem_nr,ğ“ğ“ªğ”ƒğ“ª ğŸ¥¥
880443521005649920,nan,CzaplickiRob,Rob Czaplicki
258670333,VANCOUVER B.C.  ,SandraG75405165,Sandra Gagnon
1070061690224603136,@rbe_expert@mastodon.social,rbe_expert,Anti-Fatalist â˜­ #BlackFridayStrike
1396393443635642370,nan,Twithole1,The Angel is back ğŸ—¨
1099592846,nan,ElainePDX,Elaine
15590925,"Redmond, WA",gamitech,Gabriel Bercea
1461419096059359241,nan,AthenianWalls,Athens Wall
1325166326,"Happytown, USA",cocoaudie,ğŸ‡ºğŸ‡¸CocomomğŸ‡ºğŸ‡¸
151655222,Westminster,BenKentish,Ben Kentish
1442054986574163968,nan,Samcuran4,Samcuran
1460606825297063941,Everywhere You Want To Beâ€¦,mjhempco31,MJHEMPCO3
1449441365293666309,nan,NOT_KUSH_,ğŸ§™ğŸ¾â€â™‚ï¸
1344977262,@ the beach,bcollinsk,BC
47461703,Virginia,cspiratos,Con Spiratos
13900252,global RTW digital nomads,soultravelers3,soultravelers3
261392348,nan,KathHodgson,Kathy Hodgson ğŸ’™ #FBPE
564922280,Europe,artbyailbhe,Ailbhe Leamy
1271151364849221633,"Bizkaia, Gipuzkoa eta Araba",covideuskal,Long Covid EUSKAL HERRIAğŸ€
1100361899848450048,nan,AgataK08515769,Agata K
801858257367142400,CDMX,OJPR_MD,Oscar
1281251462941720577,nan,LisetteChesshi1,Lisette Chesshire
871878763,"Barcelona, RepÃºblica Catalana ",Yosutumaka,JesÃºs
97745384,"Oaxaca, MÃ©xico",gmezfrancisco,Francisco GÃ²mez
1403098802,Ø¯ÙˆÙ„Ø© Ø§Ù„Ø§Ø³Ù„Ø§Ù…,gentelman676,Fâ¤ï¸CğŸ’™B Mohammad Laporta
1456717469834485776,nan,pierredrilecto,pierredrilecto
479451157,"Central West NSW, Australia",HeidiRookyard,Heidi Rookyard
876558081026600963,ğŸŒof Mystery,Norberta36,"Norby, Truth Seeking Dragon"
1403501911823859712,nan,N0TW0KE,SicKandTireD
2910178116,"rue de Bellechasse 68, Paris",citioyenlibre,citoyenlibre ğŸ
22924291,"Seattle, WA",rrnunez,RamÃ³n NÃºÃ±ez BLACKS LIVES MATTER
983939303138103296,"Accra, Ghana",AtaaOkai,Nii Okai
2185333362,Alberta,jiwillia_jim,jim williamson
1212385575249956864,nan,U8886F35mIn7slZ,æ°‘éƒ¨å°‘è¼”(å¼¥ä¸‰éƒ)æ™¯æ”¿
825097538101391360,United States,Jameson34365076,Jameson
815281266165739521,nan,MariaVa14959703,Maria Valeria
2851731436,UK,GroundedBlue,The Blue One
734096400271704064,Boston. ,f_taggart,Nocturnal Emissions - Papa Jim
388641616,young justice hours: ON,oojoonieh,ğ“®ğ“¶âš¡ï¸#KeepBingingYJ
1288347721552674816,"Vancouver, British Columbia",ubcvancouverliu,å¤©æ¶¯è¡Œå®¢
1021501764036698115,nan,SonBurness,Ronald Son Of James Burness
187204020,nomadic ,annmfreeman,ann freeman
1029508151899508736,"New York, NY",AxelRConcepcio1,Axel R. Concepcion
718881592010280961,53.4631Â° N x 2.2913Â° W,M0hau_,Mo
587517277,Portugal,K0dAs,ZÃ© Estoiro
53297006,Ciudad de pobres corazones,JuanFra_94,JuanFra
1252030423057657857,nan,Scott93672704,Scott
709294370155933697,nan,KyleTrainEmoji,Kyle ğŸš„
71021024,"Monterrey, MÃ©xico",EricTamezNews,Eric Tamez ğŸ‡²ğŸ‡½ğŸ³ï¸â€ğŸŒˆğŸ‡ªğŸ‡¸
1289913730634067970,"Paris, France",Vininho13159831,Lorenzo Tejada
1342010069609639939,Canada/USA,Steph_NStuff,ğŸ‚ğŸŠ Steph's Existential Birthday Bash ğŸŠğŸ‚
263348752,Mordor,Ati3692,Ø¹Ø§Ø·ÙÙ‡
1443620051790274561,nan,fenci20211,fenci2021
29324390,nan,LederHals,Leder Hals
753584452417224704,nan,DisasterAreaPP,(((George))) ğŸ‡¬ğŸ‡§ ğŸ‡ºğŸ‡¸ ğŸ’š
631841880,"Santa Monica, CA",KristiSesh31,Kristinah
1457901918387376128,nan,theREALMJpain,MJPain
19440863,"Gadigal & Wangal land, Sydney",jjbw,jonathan jb webb
575535839,"Texas, USA",EvelineGnabasik,Eveline G. Bethune
1339996790783946753,United Kingdom,GillSharp5,Gill.Sharp
878286127,BK BABY ,fufukween,Tenneh
254446360,ğŸŒŒ,amobeirne,Anne
1181699885587935232,United Kingdom,KarlSinclair10,BoSquiddley
1243017436737277952,"Kentucky, USA",JudiABates,Judi
1187768093210271750,nan,FerreiraSandri7,Ferreira Sandrine
2611179573,nan,the_gipp,thegipper
2902308616,nan,Anox_Web,Web 2.0
210157054,"near Tampa, FL",Sarah_H115,Sarah H
1644167082,"Chicago, IL",buchleraustin,KaBA
112867412,"Abuja, Nigeria",babybunorangel,Wealthy Lady
1400082852126113794,Barcelona,BrosaSergio,Sergio Brosa
147393852,Gadigal Land. Sydney Australia,whereisdaz,Dr Darren Saunders
723942722,nan,Gandalfswand,King Monkey
1393213234665099265,Not Hull.,Beerdri01118796,Beerdrinker
16297568,New York,johnasbury,John Asbury
26136869,"Kingsville, Ont",PeteDriedger,Pete Driedger
1455645644819996675,nan,AndrewZebrunIII,Andrew Zebrun III
1465636669391052805,nan,CAdinnah,Chinedu Adinnah
1437697795499118596,nan,kajacaprari,Katarina Maria Milanovic Natale
280128839,nan,capttere,Tere Negus
1359633031238213634,PerÃº,ProLibertadPe,Proyecto Libertad
366632841,"Kutlwanong, South Africa",Nkululeko122,Nkululeko kelepu
489955111,nan,RKitenplon,Rita Kitenplon
2681368862,nan,Antonius_Bloch,Antonius Bloch
1029537857483038720,nan,GoldsteinEman,Emmanuel Goldstein ğŸ‡ºğŸ‡¸
1223376485144236033,nan,ellzabeth7,ellzabeth
509245207,"Leicester, England",VarinderKSahota,VarinderğŸ§¸
1453509766635008000,nan,Victori82402851,Victoria Ferrer
811826520,"New South Wales, Australia",stevol321,Come_on_man ğŸ‡¦ğŸ‡º ğŸ‡ºğŸ‡¸ ğŸ‡¬ğŸ‡§
996505647943315456,"Osoyoos, British Columbia",Eren30620277,Canadian. Amen
1138786869318168576,PA / DC / DTX,serialloverx,ji â¥
2865310089,Kaduna,wazeeriusman,Landlord_friendğŸ‡³ğŸ‡¬âº
1057602871703810049,nan,Virgini73432660,Virginia Valdez
45205347,Bay Area CA,GrisserBernard,DadBoof
142646733,"Resistencia, Chaco",DiarioCh,Diario Chaco
2922236228,"Scottsdale, AZ",erik_borchardt,Erik Borchardt
1163797536,Ille et vilaine,ElodieP_35,Elodie_35
41322282,Ireland,McNiffecent,Aisling McNiffe #cocooning
1541248026,nan,Bigbelly2,Bigbelly
402128025,Togo,OdiLoosm,Odilon
589449113,"Hampshire, UK",saracourtney3,Sara Courtney ğŸ’™
1324441378802323457,"Stoke-on-Trent, England",foxylabour1,foxylabour
213023169,ğŸ‡¬ğŸ‡§,chocolategilly,Gillian
1425252657845858314,Tarntanya,Adelaide9876,Adelaide
552747238,nan,TarotDivine,Tarot Divination
1445108168359612427,nan,SabrinaMedjane,Sabrina AÃ¯t-Medjane
563077966,nan,armdpm,Dave McKay
87659684,Carrickfergus,DobbinsInnHotel,"Dobbins Inn, Carrickfergus #historyandhospitality"
998296120345415680,"Ile-de-France, France",AmortRoss,Dany-Ross
1093596219664928768,nan,redmatt14,redmatt1 #PeaceAndJustice
1080271898217463810,nan,NlsDelgado,N.Delgado
1395503719656136709,nan,BeigeProfile,Beige
67071892,Hell,666DEMIAN,666Demian
2278256526,On a case...,Mark_McPherson5,Mark McPherson
1403343029134573570,Earth ,21Mk777,Mike K.
602314478,toulouse,sylviemaffre,sylvie maffre
821843949312741382,nan,Yeah_ThatBloke,ğ•‹ğ•™ğ•’ğ•¥ ğ•“ğ•ğ• ğ•œğ•– ğ•¥ğ•™ğ•–ğ•£ğ•–
173901359,nan,heymarysue,mary ğŸŒŸ
978859148707356672,Middletown,MrBobLablah,Bob Lablah
44438256,New York,matthewherper,Matthew Herper
30315515,nan,Susaninlaguna,Susan in laguna
24766855,nan,rtylin,WolfHossa
1320384003246034944,nan,PicenusPrimus,Nicus Picenus
1427889768738611200,nan,kIHTCn8chq6oFXe,çµ„ã¿ç«‹ã¦å½©è‰²å·¥æˆ¿ å²©å´
1151479319388217344,nan,ineesoarees,InÃªs
1085308375930265601,nan,claudiaglara1,claudiaglara
1620592518,nan,Distelvink20,Rietzanger
3242941838,"Toronto, Ontario",Tags4Jags,Uncle Wan
832052154198327296,"Reading, England",gobnewsportal,GOB News Portal
241707600,Rainbow Country,MrHerriot,James Herriot
17719592,"Here, Now 
ğŸ¦º",kavn,ğŸ¦ºBernieBroğŸŒ±KavnğŸ¦º ğŸ“£ğŸš—ğŸ“£ğŸš—#GeneralStrikeğŸ‡ºğŸ‡¸ğŸ¦
872274056246169600,"Washington, USA",RobLJohnson6,Robert Johnson
769579399,nan,clia_g,ğŸ›° A Celia P. Porto ğŸ›°
19119318,Scheveningen Netherlands,lisakarina,Lisa Karina
40443160,"New York, NY",JamesJosephIgoe,James Igoe
757750860810117120, Left Coast Cool ğŸŒŠğŸŒŠ,LAISLA1313,ğŸ•ŠLa IslağŸ•Šï¸ I am Antifa ğŸ•Šï¸
1436121732612608000,nan,cruisingscience,Lucy Swift
24528994,nan,hauntingofmelda,Mary Uhlik
1392171710493900801,nan,itsocheagain,Oche Balboa
2988771178,Wherever I am,pharmdax,jim axmacher
82319050,i live by the river,duncancollett,Duncan
832142567861006336,"Reading, England",gobradiouk,GOB TV and Radio
877238867908329472,Chicago-ish,AmateurExpertOp,Amateur Expert Opinions
790227912091897857,"Rio de Janeiro, Brasil",Jp_costa02,JoÃ£o ï£¿
1449539717951860744,Alcione.,GraeVivi,Victoria.
803717584038350848,"South Carolina, USA",SouthernLibtard,Thoughts'n'Prayers
1360596191701053443,nan,KrisPinckney,Kris Pinckney
1412120056780275712,nan,cynde1726,Classic County
1443015728244789250,"Calgary, Alberta",AndreyHristov80,Andrey HristovğŸ‡¨ğŸ‡¦ğŸ‡§ğŸ‡¬
1259122690121744386,nan,pxterparkes,pedrÃ¸
823257302761254914,United States,StevenEagle86,Steven
1422716869513990145,nan,Xxxdutchxx,-xxxDutchxxx- Dutchie
46746739,nan,brmalta,brian ray
775506040561348608,nan,shakati15,Nadine Severine
1092911550808113152,"Leicester, England",ShellyLou1,Shelly ğŸ‡¬ğŸ‡§ğŸ‡¬ğŸ‡§ğŸ‡¬ğŸ‡§
1400795611323158533,DALLAS (Retread Acct) DEMS F/B,szqtexas,@SZQTexas: VACCINATEâ€¢BOOSTâ€¢TESTâ€¢MASKâ€¢DISTANCEâ€¢STFU
62491428,Htx/NYC/Las Vegas âœˆï¸ï¸âœˆï¸ï¸âœˆï¸ï¸,_DJMouseTrap,Richie Aprile
1370164843114823682,"Pennsylvania, USA",afpaleocon,americafirstpaleocon
495767109,nan,urieldp,Tortu
785483318020153344,nan,suptmoran,Mary Moran
2569143476,USA,Teazle924,Teazle
1190850437697724426,nan,dad_videos,DAD STUFF VIDEOS
747349420983754752,nan,curiocat13,Camilla van Gerbig ğŸ˜· 3.5% ğŸ˜· #FBPPR #FBPE
1280906222129090561,nan,YourLastChanc16,Your Last Chance
67325535,Houston,HoustonSoonerLB,HoustonSoonerLB
443490248,Barnet.,Cedar50,Martyn Pugh #StayHomeSaveLivesğŸ’™ğŸ´ó §ó ¢ó ·ó ¬ó ³ó ¿
1071686498,"Ajaccio, CORSE",dacinka2A,ğŸ‡«ğŸ‡·Gr@nzi@tti Officielâ„¹
42786325,"Denver, CO",BWLH_,B.W.L.H.
2965907667,EspaÃ±ol por los 4 costados,ratiocordis,feypaz
1251339114122788864,nan,Andra57577207,AndrÃ©a ğŸ‡§ğŸ‡·
1016280316699398144,nan,GPerenne,G.in.perenne.politica
256935388,Deutschland,Leon_Bergmann,Leon Bergmann
53060968,ParanÃ¡,nolengths,Bruna
109651819,MÃ©xico DF,Foro_TV,Foro_TV
1412959186510516224,nan,carlosH80097308,Ceelos-511
1379999573100363777,nan,AsmrDrunk,DrunkASMR
1118441215513333760,nan,kino39545029,é…”æ‹³çˆº
2399024340,"New York, USA",GodTrashpack,TRASHGODD
3295485912,"Londrina, Brasil",amiIacaIice,cami
30602846,"Los Angeles, CA",angeleye9Cindy,Cindy Moore
922806178446327809,Canada,tlshields85,Teresa Shields
1885028690,argentina,cointreau65,TRANSPORTADOR
791663014747529216,nan,dbro1965,dbro
2523554311,Scotland ğŸ´ó §ó ¢ó ³ó £ó ´ó ¿,Douglas4Sandra,Duchess of Douglas ğŸ’™ğŸ´ó §ó ¢ó ³ó £ó ´ó ¿
523338065,"Provo, UT",PositPoint,PositPoint
1346079835391725573,Holland,SultaneAlexand1,Ghostrec
176819010,El Tigre; Edo. AnzoÃ¡tegui,Luisleotaud,Luis Leotaud
1354498558263701510,WrocÅ‚aw/Poland/Polen,Templariusz6,Roman Andrzej Åšniady
2455478245,nan,Ladude2014,Scott
1471736419,nan,Raijinmeister,Elisio Ferreira
330153118,nan,JEGaulden,JG
4885299459,"Zurich, Switzerland",avdelphi,AvDelphi
1031627572864606208,"Georgia, USA",TPFBreakingNow,ğŸ—ºï¸TPFNBreakingNowğŸ—ºï¸
623047169,nan,aadaamaa20,âœ¨Adamaâœ¨
758567667653632000,"Pennsylvania, USA",ZupancicJareen,JayeMarie
288015469,MUNDO,cmwymaria,Life MD â¤ï¸â¤ï¸â¤ï¸
364332616,nan,CaptainFr33dom,Captain Freedom
1415840024709505029,DomandoProvidas,VaporubQueen,ğŸ‘ï¸ğŸ‘„ğŸ‘ï¸ â„•ğ• â„™ğ•¦ğ•–ğ••ğ•–ğ•Ÿâ„‚ğ• ğ•Ÿğ•ğ•’ğ•¡ğ• ğ•£ğ•¦ğ•“
191330725,nan,dannncg,danğŸ„
142231462,nan,misatomisato512,ã¿ã•ã¿ã•
1171566207033589760,nan,D01693919,Damone ğŸ‡ºğŸ‡² ğŸš›
1450311951150505986,nan,Hero210T,à¸•à¸°à¸§à¸±à¸™à¸ªà¹ˆà¸­à¸‡à¹€à¹€à¸ªà¸‡
3383375818,"dentro da, sua mÃ£e",xandlu111,marcos
63904147,"Abuja, Nigeria",Ser_Bart,SiNaChi
1368853170567454722,The Crack Shackâ¤ï¸,_JesseSlaughter,Jesse Slaughter
1045033320831160320,"Buenos Aires, Argentina",lamochadelruso,Filamento intermedio
1258830427185451008,nan,EslavaMarta,Marta Eslava
1084180137120272384,"Rio de Janeiro, Brazil",HeloisaBernste1,Heloisa Bernstein
14250699,nan,ibnkafka,"AnckarstrÃ¶m, Esq. ğŸ—ğŸ‡¸ğŸ‡ªğŸ‡²ğŸ‡¦ğŸ‡µğŸ‡¸"
1450550311626629122,nan,Deretou58123325,Deretour
8217552,"San Diego, CA",jennyjenjen,Manic Pasta Dream Girl
948637293602058244,"Newcastle Upon Tyne, England",H4mmy14,Hammy
1288856504561532929,Ile de france,KoulKooll,kool mess marre detre cool
482413140,"UT, CA, TX, MD, PA West Haven ",jJustOldnTired,Russell K Walters
1453690205639102469,"West Kelowna, British Columbia",LenDuda5,Le Duda
1339602160422535175,Uranium City,cream_internet,VLADZY
1373637059445989379,"Potsdam, Germany",MitQuark,KartoffelnMitQuark
2355175141,London,mark14907,GeDesPi-Printables
19586239,sevenoaks kent england,lesleypeal,Lesley Peal ğŸ•·ğŸ‡ªğŸ‡ºğŸ‡¬ğŸ‡§
1249054544895623174,On the loo ,WilloWispish,WilloWaspish
1634186324,nan,shazkaza1,Kal Shaz
797248104,"Louisville, KY",xJewpac,Zach
944652911036059648,"Duluth, GA",DaveAlfa164,Dave
4086456137,"Georgia, USA",KdMadea,KdMadeaâœŒğŸŒğŸ’™
3198919216,nan,surrey21lady,surrey ladyğŸ’™ ğŸ”¶ğŸ•· #FBPE #RevokeRemainRebuild
1445066792041340934,"London, England",AKernOfficial,AKern Official ğŸ¥
741333398115868672,nan,pirate4004,Chris Johnson
65581595,Esperance WA Australia,dodgierogie68,roger brown
50676268,nan,volaguer_,VÃ­ctor
1311827151692455936,nan,catalin63192455,catalinabeatriz
2333456605,Bkk,koftfyman,2shots Espresso
1343991910952808452,United States,Nchanted_Rose,Nchanted Heart ğŸ’–
1206615377033207809,nan,merry_ghouled,ğ•„ğ•–ğ•£ğ•£ğ•ªğ”¾ğ•™ğ• ğ•¦ğ•ğ•–ğ••
700773300868349973,nan,sweette47504968,sweettea
1199332435701485569,nan,42Sz40,SZ40/42
178570602,Ciudad AutÃ³noma de Buenos Aire,coche1967,jln67
776085678,Hogwarts ,mairead_oleary,MairÃ©ad ğŸ‚ğŸŒ¬ï¸ğŸŒ¦ï¸
298206561,nan,capitanpumita,Rulasstark
1118923168398422021,FLORIDA,phoebebuffet121,PHOEBE BUFFET
141642957,"New York, USA",SkittyxKat,SkittyxKat
197992991,nan,cancerclasses,cancerclasses
1250415659760017408,BRASIL,Conservadora191,Rosa - Conservador@
111071866,nan,eugemunxxoz,eugemunxxoz
946900498744934402,nan,LisaNG_Hawaii01,Lisa NG
974612461449105408,"London, England",joeydeacon69,joey deacon
1098347318078771201,Somewhere,Andrew70265613,Lord Fraud #KroenkeOut #ArtetaOut
1238916043537403904,nan,Charla14378566,PNW A breed apart
1005627866980155398,Brasil,_Gabas1,SÃ¸ren
1143848268,City of London,GeziWoman,Nina Ryder ğŸ’™
2365332748,United States,CherylHaase,Cheryl Haase
264676182,åŒ—é–¢æ±,fairy726,ã“ã‘ã‚‚ã‚‚â˜†
547806316,"East Midlands, UK",RuthEAdamson,Ruth Adamson ğŸ’™ #Ihavebeenvaccinated
398767861,nan,ifysle,iFysle
2677555078,"Toronto, Ontario",Bellamusexo,Bella Muse ğŸ„
860317192730103809,"Minnesota, USA",45xiatai,Karl build back better Bunday ğŸŒŠ
193163402,nan,Mr_Chata,J Anthony
178287503,Australia,LibDemAus,Liberal Democrats
1256701306468777984,"Quito, Ecuador",contraportadaec,Contraportada
1148835054996488192,"Hannam-dong, UN Village Hill",reixxlestrange,life is not daijoubu
779299064659574784,USA,mistykatt96,ğŸˆâ€â¬›É±Î¹Ê‚Æšáƒ§Æ™Î±ÆšğŸ’›ğŸˆâ€â¬›
1062806249421578240,nan,Reporte55384891,Reportero
2388220440,"San Diego, CA",friendlyWendyB,DejaThorisCarter
1285136798755110913,"Taguig City, National Capital ",StoicJCNoMore,StoicNoMore
1127095859173253121, ,aE0WVbdmck75Spt,nanashi
1322395924832821249,nan,MrAndyDufresne0,MrsKravitz ğŸ—£ğŸ‡ºğŸ‡¸ğŸ¦…
388105873,nan,UsaPete2,âŒDeplorable-DJT GOPâŒ
897344824092762112,nan,libertarianwin,Facetious Libertarian
46712494,MEXICO,gabycisneros,AngyC
35835586,"Fort McMurray, Alberta",MuniraManji,Munira Manji
1153709761478553600,nan,shocked_daily,slowly_getting_stupefied
1462285859114397696,"Texas, USA",JSmoov1978,Jonathan Doyle
51060847,The Low Countries of Europe.,semiCARTERmvtic,Saudades.
18377913,nan,warrior_class_1,Machines of Our Disgrace
1397226983348572162,nan,RainerCMent1,Rainer C. Ment
283604227,"Diksmuide, BelgiÃ«",AndyVermaut,Andy Vermaut
1019062273136984064,"Dungun, Terengganu",PMR_Dungun,PMR DUNGUN
1465629924954230784,nan,Anu15541,Anu
66120349,"Cambridge, MA",MarjorieDecker,Marjorie Decker
320541554,"Alameda County, CA",ReillyHamil,Early Treatment
1439565863481446404,nan,lawgonaut,Christopher McGrath
45241272,"Durham, NC and Charlotte, NC",tcsell,"Timothy C. Sell, PT, PhD"
471737724,"Fukuyama-shi, Hiroshima",Sanka2525,çŒ«å¥½ãã®ã¡ã‚‹ã¡ã‚‹
1347384973,nan,luludji2,jessebelğŸŒ»ğŸŒ¿ğŸ‘£
3099969544,nan,Amina_Loki,Amina_Loki
349381846,nan,Tallestpurpl,Tallestpurpl
44264328,Brandontown. Letâ€™s go!,TwiloGuy73,Dr. Deplorable Gay Guy ğŸ³ï¸â€ğŸŒˆ
705023369339662336,nan,ConstanceBens14,Constance BensonğŸ‡¨ğŸ‡¦
2356826352,"CearÃ¡, Brasil",Gabrielsousa_c,GABRIEL
90128421,"Dublin, Ireland",HazelKLarkin,Hazel
306217236,nan,lb_ld,LD
1048020316859973633,nan,gUiDe_achi,à¹‚à¸›à¸£à¸•à¸­à¸™à¹à¸Šà¹ˆà¸™à¸³à¹‰ğŸ¦¦
556909177,æœ€è¿‘ãƒ¯ã‚¤ãƒ«ãƒ‰ã‚¨ãƒªã‚¢ã«ã„ã‚‹,Dantalion_s72,ãŸã ã®é»„è‰²ã„ãŸã¾ã”ã‚„ã
1447390172987994113,Tennessee,DaySmallThings,DayOfSmallThings
87947568,"Nepal,(Pokhara  ğŸ‘‰ğŸ¼Kathmandu)",ashishmanipkr,ASHISH
1460643298285129729,nan,BobMoobs,Bob Moobs
2402170782,"Porter Ranch, Los Angeles",droder5_darlene,Darlene Robertson
1022125614634074112,"SÃ£o Bernardo do Campo, Brasil",_Marcelo_Cortez,Marcelo Cortez
1305718569456476160,nan,pnk2542,â™¡ à¸™à¹‰à¸­à¸‡à¸à¸µà¸Š (à¹‚à¸¡à¸ˆà¸²) â™¡
1240378693760868352,"California, USA",FreedomPlumbCA,Rockemsockem
1165024871627350016,nan,moonbreeze2,moonbreeze
2437440590,"Hampshire, UK",ayshazen,Chrissy Russell
825488341197942784,"Greater Denver, CO",Vmbritsch,Ronnie #VOTE #VOTEBLUE2022 ğŸ‡ºğŸ‡²
504144034,"Melbourne, Victoria, Australia",jamielamond2,jamie lamondâœ³ï¸âœ³ï¸
1334712547,nan,sabahelher,laura c
133993456,Wien,Fg68at,Einzeller ğŸ³ï¸â€ğŸŒˆ
340363347,United States,Atrue10,ATRUE10
1285222125884919811,he/her/xem,BR0FLOVSK1,indi ğŸ¦‡ 19
1354217944302170114,nan,SherryBoBerryMe,Cherie Bo Berry
1362348399576645632,nan,guemily1,âœ¨Guemilyâœ¨ ğŸ‡»ğŸ‡ª sigueme y te sigo ğŸ˜‰ğŸ‘ğŸŒŸ
897849401007251456,nan,GOOGLE_NI,à¸•à¹‰à¸™à¹„à¸¡à¹‰ à¸—à¸°à¹€à¸¥ à¸ à¸¹à¹€à¸‚à¸²à¹à¸¥à¸°à¸ªà¸²à¸¢à¸¥à¸¡ğŸ€ğŸ¦‹
1279395271215132672,nan,Lynn71576357,Lynn
706680988215062529,"Wiradjuri Land/Albury, NSW",sarah_krieg,Sarah Krieg (Taylorâ€™s Version)
410286704,nan,udubfan13,PRAISE KEK 1776!ğŸ‡ºğŸ‡¸
1160804181965336577,JAPAN,YmKiiy,ã²ã¨ã¿ã‚“
1354855411199963143,"Auburn, AL",ArmyAu84,Kevin Ingalls
34677788,New Jersey,northjersey,NorthJersey.com
1124340472976171008,The Netherlands,JaapTitulaer,Jaap Titulaer
1379436710929465350,nan,NewsJaun,Jaun News English
174730337,SÃ£o Paulo - SP,fabiohcsimoes,FÃ¡bio SimÃµes
156684135,nan,Forward_Focused,ğŸ‘ï¸âƒ¤-Rah (Geechee Geek)ğŸ¥·ğŸ¿
1273654669114511360,nan,MariaCr73390061,Maria Cristina Zanette
2161176670,South Africa,Sba_Nt,Sba
15457347,"Seattle, WA",LikkitP,LP
82241627,"Fort Frances, Ontario, Canada",stewak2,Kevin Stewart
1354926790947569669,nan,anon_ark,ArkAnon
1590329330,"Mississippi, USA",jwhite0316,Jason
412430875,nan,hannahjook,Hannah do ZÃ©ğŸš©ğŸ‡µğŸ‡¸
260000885,USA,LaurenLavelta,Lauren
1388226505625509889,Sancti-SpÃ­ritus,flamadrid4,flamadrid
1438593050943623169,nan,Auxiliar4tad122,Auxiliar 4ta CÃ­a D-122 CZGNB-12 (LARA)
1361744068066353156,nan,SmilingOutrage,OneSmallVoice ğŸ‡ºğŸ‡¸ğŸ‡ºğŸ‡¸ğŸ‡ºğŸ‡¸
1257036568541515778,nan,Michael73706109,Mike.
407055170,"Bruce,Grey,Huron,Perth ON",RuralHomeCareBG,Rural Home Care BruceGrey
1176579236179652612,United States,AnnEsther12,AnnEsther
1380520883962449920,Ã“rbita de La Tierra,ga_gagarin,Ga-Ga Gagarin
859463906779070469,"Texas, USA",wmatrader1963,wmatrader
11769012,#globalwitness,TheGlobalWitnes,The Global Witness
218598938,"Ottawa, Canada",Mike30Trill,Michael Baran
1149407934,nan,JustmeTy78962,justme
4885618131,nan,carlafrederic4,Carla Leite
38226173,"BogotÃ¡, D.C., Colombia",Johan_1090,Johan  Arguinzones
1392075497014661122,nan,Juthakarn7,Opor_nf
1409299678127067139,nan,Firefighter4G,Firefighter4God
80002928,nan,FuzzyMarth,ghostly panda bleats
1372695944983089153,nan,dubbya_c,liberty
153177381,nan,micjojd,MiJD
242104229,nan,pmsolo27,peggy
3219670842,"Los Angeles, CA",njoyflyfishing,Nathan Joyner
95607090,"New York, NY",ak40sven,A-K
1195315325195214848,Nearest Gun Range ,TrumpPuppy9,Storm â›ˆ
854272141742579712,India,QudachIndia,Qudach India
1082278181284036610,"Wroclaw, Poland",GoyaGoyanka,Goya
1912855566,METEPEC ESTADO DE MEXICO,ufar52,URIEL AVILES
733748662552154112,nan,GynoLazcano,Higinio Lazcano
1038165963798134784,"Richmond, VA",JamesFBuckley2,James F Buckley
1430214109165981700,nan,Comirnaty21,Comirnaty
2389616896,"Recife, Pernambuco",sadcamboim,Bea
1324586070969774081,nan,Sunny76295480,Sunny (æ¾³å–œç‰¹æˆ˜æ—…ï¼‰
2324138109,"Midrand, South Africa",Nkukzdlamini,Nkululeko
250411390,"Toronto, Ontario",queenchriiss,asante
121628554,nan,la_scherman,La Scherman
1415112464375717944,nan,RavenRa50543252,Raven Raven
1330485151894298627,"Ù…Ø­Ø§ÙØ¸Ø© Ø¹Ù…Ø§Ù†, Ø§Ù„Ù…Ù…Ù„ÙƒØ© Ø§Ù„Ø£Ø±Ø¯Ù†ÙŠØ© ",IHateCorona3,IHateCorona
73249150,Mn,bigdaddy24485,Dan Matykiewicz
824326218183012352,"South East, England",rawls_heather,Heather Rawls ğŸ’™
2256982358,nan,esme35975435,esme
312191884,nan,g_luisalberto,Luis Alberto Garrido
617874383,"Brussels, Belgium",i3v9y90,Ivy
1344419372375412737,nan,tangosmom14,tangosmom
1243593761042522112,Canada,gillian0000000,Gillian Mc
1139492875958272000,nan,HironoriMayuki,èŠæ± å®å…¸(å¸¸ã«æˆ¦åŠ›å¤–ã®ä¿å¥å®¤é•·ï¼‰
708998247906283520,ğŸ‡¯ğŸ‡µ,yen_phoenix,ğŸŒå‚ä¸ƒğŸš
16236179,nan,Janetfaye,janetfaye
1170434407,"Flint, MI",PGBigRed,Phil Caudle
1348677302352306177,nan,DittoheadUSA,Rose
1088525713781731338,"Paracambi, Brasil",ericasilvaneves,Erica Neves Da SilvağŸŒµğŸŒµğŸ’™
197007124,Milano,carlo_centemeri,Carlo Centemeri
349811491,nan,DougMaxwell1,Doug Maxwell
550838525,Philippines,jmsdebonaire,ì œë‹ˆí¼ ìƒê°€
142962594,nan,monicademty,Monica
1264970234,"Georgia, USA",SandismithSandi,Sandi
462223916,YORKSHIRE,Sp0ntaneity,AlpHa_OmeGa
1019678356508430337,St.Vincent and the Grenadines,Donel02,bigbattygyaldğŸ§ğŸ¾â€â™€ï¸
18725633,"Washington, USA",RRalstonAgile,RR ğŸŠâ€â™€ï¸ Edmonds!
254831413,Htown ğŸ¤˜ğŸ» Texas ğŸ¤ŸğŸ»,itsmamajas,Mrs Hernandez ğŸ’‹
29989198,VitÃ³ria,vinni_ricas,Vinni
1315370882865475584,nan,SimmonsTaniqua,Taniqua Simmons
4227613439,"Charleston, SC",YAJ100_,J.
1261719531854221316,Undisclosed Rural Location,joesmithreally,"anyman, American Kulak"
1163541238697660416,"Memphis, TN",Ebony_Kay96,EbonyğŸ’‹
2378324935,"Charlottesville, VA",MrTAchilles,"Trevor ""Trev"" McKee Achilles"
308898880,Everywhere/Nowhere,bill_summer,@thedailytaoist @DoomerPodcast @Yukon_Gold_Energy
867330446,nan,Litlrox,Litlrox
1224830134269726726,"Cumbria, England",NaomiBr22935667,Naomi ğŸ’™ ğŸ‡ªğŸ‡º#FBPA #FBPE
1362443722525454345,nan,CosmicS70352387,Cosmic Star
165148009,ribeirÃ£o preto,suguilu,luana (xtudo)
1130524899695570948,"Lockport, NY",JudiNezforTruth,Judi
1266903574153486338,"Minneapolis, MN",treg_ann,Ann Treg
464099675,nan,mjhollenbeck,The8thSage
409656995,nan,LeslieFlemmer,Leslie Flemmer
30071893,"London, UK",Sparkyxxx,Sparky
839715908817829888,"Albuquerque, NM",SusannaSaysSo,SusannaSaysSo
1431036596212670466,nan,Rodgacy5443,MarÃ­a Concepcion Rodriguez
1459654286602874884,nan,halljoy410,Joy Hall
1441297382,Kansas,crickie00,Crickie00ğŸ‡ºğŸ‡¸
1384983819653025793,nan,RobFisc69455738,Robfish
1291151506549272576,California,CircuitCityVEVO,Bon Ivermectin
1219440099647205376,nan,VaGrangeiro,ValÃ©ria Grangeiro ğŸ‡§ğŸ‡·ğŸ˜ğŸ’‹
794397081427394560,Mouth Full of Lies?,truthpiks,T. Ruth  Burns
158519381,New York #GoodTrouble,loradler,The Honorable HillaryWon ğŸ‡ºğŸ‡¸â˜˜ï¸
1105041793081499649,Meanjin,ligerze95880162,LigerZero
3307713694,"Poland, OH",PTekach,Pat Tekach {Gifford)
3246201361,nan,JesusGarcia679,JesÃºs GarcÃ­a ğŸ‡²ğŸ‡½
336293275,"Utah, USA",JAS16AZ,JAS16AZâœ¡ï¸
883356475,new york,32wonitcom,32wonit.com
3054434456,nan,1BigAl7890,BigAl56872
1263168182317129730,"ğŸ¥›â€” love (n.) a great interest and pleasure in something, or, an intense feeling of deep affection. that is, everything i feel for you, nadeshiko.",tskkberry,elli â™¡'s kou | âš¢ï¸
1292987903208050690,nan,liberty_loki,Loki
415864466,"Tucson, AZ",tucsonlaw,tucsonlaw
980841944,"Florida, USA",DianeEugenio,Diane Eugenio
138619586,Northern Air Temple,DanTresOmi,Puno De Llero
3057337101,nan,Lozbine,Lozbine
1325610670763728897,nan,JohnParkens,john parkens
1249748595282186240,nan,RhaSylvia1,RhÃ©a Sylvia
66337782,Jakarta Capital Region,philomimi,ismi
97575792,nan,DCAMillie,D.C.
1343722210544951296,nan,TobyTyl71781864,Red Wave is Coming!
1422228366246039557,nan,TanveerAbrar3,Tanveer Abrar
1083685036216463360,Bermuda Islands,EquityDiamond,DIAMOND EQUITY CONSULTING
329206097,nan,Jorgeg99,Jorge Guillermo
1635656984,nan,chandrawinotoo,Chandra
1293511910432768000,"Andhra Pradesh, India",comrademuraliPK,ğŒğ”ğ‘ğ€ğ‹ğˆğŠğ‘ğˆğ’ğ‡ğğ€ğğ’ğğŠ î¨€
886896540928937984,United States,Roland011073,Roland Blackmon
46704411,"-21.136246,-44.25931 BH!",acharbel,Andrea Charbel
1429193106898006020,nan,Band3Rc,RCBandiera
1299682310883700736,Not A City Boy ,mark08292020,ThisIsASocialMediaHandle
1267851693590548481,nan,Support_Lif,Maria GranadağŸ‡¨ğŸ‡´ğŸ’™
292833334,nan,mborjacoloma,MarcoBorja Coloma
107218201,Earth,bischbosch1,[KASAP]
3493145541,nan,helenamh17,helenamh
759568004782829568,"Texas, USA",Angiliano1,Texan Floki
1352572483,nan,sethrow991,Stephen Davis
1108896667787386880,nan,cover_dark,Dark Cover
1001291189893697536,"Brampton, Ontario",shannoniyer,Shannon Iyer
1143376314,"Kaneohe, HI",freedragonfly17,Kerfreedom
852640528403505158,"Guayaquil, Ecuador",jorgediazgye,Jorge Diaz
18843894,"Florida, Florida, Florida ",gaj724,Puppies Resisting in a Red State.Wear your MASK.ğŸ¶
1158524089373548556,amiens ,zeysh,sucre
816525724588724224,Canada,LostTogetherCda,Susan Healey
1463708650489458691,nan,paulolisjr,Paulolisjr
280105705,nan,edu_curci,Edu Curci
1162987842,nan,PatDtstuff,SecretaryofRevenge
90951692,"Dublin, California",davidjharrison6,David Harrison
1316565953400848384,nan,tbeshy99,Don'tbeshy99
538401157,State of Confusion,_BatMN_,BatMN
1280569865645023247,Boston,DaaniPooh,Raheel Shafi ğŸŒ»
1429515164882071553,nan,MactoAz1,OR2AZ
1447384656454770691,Texas,MogulPilot,CubPilot
1420144920195571713,Occupied Territory,RadioFash,Punic! At the disco
68357725,nan,friskydonut,Ben Thompson
42181872,"Guelph, Ontario",islesrock,John Lennon
267821512,MAGA,PatriotFlip,ğŸ‡ºğŸ‡¸ Flip ğŸ‡ºğŸ‡¸
1395167948,"Pittsburgh, PA",ORMorrison,Oliver Morrison
1283134777424519168,nan,TishaMa01008873,Tisha LeeAnn Martin
1351038418474721281,nan,Ferdi1Suprianto,Pak Ferdi
953148558,"Denver, CO",aghigleri95,Amanda Johnson
4617599487,nan,tlfordsc,Be Cocky
1365336567389151232,nan,Artist_sspp,Sprite
1427112638207590402,nan,samyotin401,à¸¨à¸¸à¸ à¸£à¸±à¸à¸©à¹Œ à¸­à¸”à¸—à¸™
1096929752601059332,nan,Victora11748909,Victor_am
1174795365448421376,nan,JaniceKMoore2,Janice K Moore
1371832736239996934,"Medan Baru, Indonesia",Arinabila_,Arin Nabila
1319105151563714562,enhypenâ–ªï¸txtâ–ªï¸btsâ–ªï¸stray kidsâ™¡,biniestarz,ITO: jhu hiatus
1462838190478299139,nan,wirsakdiphansi1,à¸§à¸µà¸£à¸¨à¸±à¸à¸”à¸´à¹Œ à¸à¸±à¸™à¸ªà¸µà¸—à¸²
999038191,nan,adafra777,Adam Francis
70994984,Paris,_BABACAR,Babacar Samba Naudin â˜… â˜…
1446170959866699778,nan,fjbfjbfjbfjb,Liberal tears taste so sweet
714836509300432896,"Colorado, USA",Tank5280,We The People
509797735,USA,MasterHefe,J_Hefe
273603057,Ilha de Lost,gofish_deby,debora guttierrez
1149356028628275206,Ciudad AutÃ³noma de Buenos Aire,19Ivan2,ğŸ‡¦ğŸ‡·â–â˜œğ•´ğ–›ğ–†Ìğ–“â˜â–ğŸ‡¦ğŸ‡·
2724200325,Berlin,LilostartupLilo,lilo start
219954713,"York, PA ",SullyElizabeth4,Sully Pinos
570753125,west texas,Maggieme863,Maggie
732376738156552193,AZ,bluethuglife,Blue
1282801034264543239,nan,Sergeant10301,Sergeant1030
171484568,Melbourne.Bombay.Bangalore,MinolAjekar,Minol
907365745515999233,nan,bricon40,Bricon40
1088525713781731338,"Paracambi, Brasil",ericasilvaneves,Erica Neves Da SilvağŸŒµğŸŒµğŸ’™
1366030349315100675,nan,varunsh64953962,varun shukla
864594454904283137,nan,dawnslight1776,Patriot Guy
4895334994,Brazil,anabchamploni,Vitamin A - Master's degree in Social Psychology
833875558803046403,New England ,Emmerbetic,Emmerbetic
1436366064166789126,nan,PierretteDe2,Pierrette De
874276016,nan,BRok_Horrible,RGkaKgar
1427341234679402535,nan,John14070250,John
1293538381,North America,jerZboyUSA,*****jerZboyMediaUSA/#LetsGoBrandon****
566324588,nan,TD_Stewart,Terry Stewart
1356820080286334977,nan,Jajangsum127,JajangSumarna
1023810577838235648,Multifandom World,heyitsmehakim,â€¢Ù†ÙˆØ± Ø­ÙƒÙŠÙ…Ù‡â€¢ğŸ‡²ğŸ‡¾
1340795701874159616,nan,Lorrain15587901,Lorraine
1402327969087909892,nan,emma6USA,Susan
1290880988420042753,nan,SarcasticCupcak,Sarcastic Cupcake
1139828011312635906,nan,RinTheTrap,RinğŸ”ğŸ‡»ğŸ‡³
924243895,nan,chucka20,chaz
6287432,"Jacksonville, IL",USA_1st_MAGA,Shannon Leigh
953876146034298881,France,Yomartel7,Yomartel7
719357955439796224,nan,marinabentan1,marinabentan
1280275308122214400,nan,TheWand02571173,The Wanderer
1011381399235055616,United States,inside_outfield,InsideOutfield
62678998,"Ellis County, TX",brianeharrison,Brian Harrison
713254164286074881,nan,LiekMacowParrot,Lieka
24206398,"Missouri, USA",TweetFiction,It's James and the Awful Truth
3860712673,nan,mrtnzfred,Fred martinez
1444009032738607107,nan,qdrv8cqj9w,Julie Habberfield
1286624674957406209,nan,AlwaysAuntB,AlwaysAuntB
39310815,The Mahogany Room,Blackmhgny,Blackmhgny
1113824938215997440,USA,thiborz,ğŸ‡ºğŸ‡² Omicron Mogwaiâ„¢ğŸ‡µğŸ‡·
2944410062,nan,starbucksbauer,Walter Bauer
